,Commun,Crânien / rachis,Thoracique,Abdomino‑pelvien / bassin,Locomoteur / plâtre,Plaies / brûlures,Polytraumatisé
Rôle IDE / objectifs,"- Repérer détresse vitale (Comportement Respiration Coloration, ABCDE)
- Limiter hypoxie, hémorragie, hypothermie, coordonner les soins.","- Prévenir l’aggravation neuro (HTIC, engagement) et protéger le rachis jusqu’à exclusion de lésion.","- Prévenir détresse respi aiguë et décompensation hémodynamique (pneumo, hémo, contusion, volet…).","- Dépister/limiter hémorragie interne, protéger le bassin, surveiller fonctions digestive et urinaire.","- Assurer analgésie, immobilisation correcte, dépister complications vasculo‑nerveuses/cutanées (syndrome des loges).","- Assurer hémostase, prévenir infection/souffrance tissulaire, gérer douleur, évaluer gravité des brûlures pour l’orientation.","- Surveiller globalement (neuro, respi, circulatoire) selon ABCDE, traiter airway, ventilation, hémorragie, s’inscrire dans le damage control (coagulopathie–hypothermie–acidose)."
Actions IDE majeures,"- Mise en sécurité, déshabillage en coupant, prévention hypothermie.
- O₂ si SpO₂ < 94% ou détresse/polytrauma, 1–2 VVP gros calibre, préparation solutés et matériel d’urgence.
- Monitorage (scope, TA, SpO₂, T°, EVA), recueil mécanisme et ATCD.","- Maintien axe tête‑cou‑tronc (collier, plan dur, mobilisation en bloc).
- Surélever tête de lit ≈ 30° si autorisé, limiter agitation, douleur, hyperthermie ; O₂ selon SpO₂, éviter hypercapnie (surveiller FR).","- Position demi‑assise si tolérée, O₂, limiter efforts/mobilisation.
- Plaie soufflante : pansement occlusif 3 côtés, ne pas retirer corps étranger, alerte urgente.
- Préparation/aide drainage thoracique, sécurisation du système.","- Décubitus strict, immobilisation du bassin (ceinture/drap), limiter mobilisations.
- Sonde urinaire et gastrique si prescrit ; préparation bilans (NFS, coag, groupage, RAI) et imagerie (Rx, écho FAST, scanner).","- Surélever le membre, froid si prescrit, position de fonction, respect consignes d’appui.
- Éducation : ne rien introduire sous le plâtre, ne pas le mouiller, surveiller douleur, gonflement, engourdissement, coloration.","- Arrêter le processus : retirer source, vêtements/objets chauds sans arracher ce qui colle, irrigation selon protocole.
- Refroidissement raisonné : eau ≈ 15 °C, 15 min max, pas sur grandes surfaces ni patient instable ; couverture, pansements stériles non adhérents.","- Immobilisation complète : plan dur, collier, attelles, ceinture pelvienne ; contrôle rapide des hémorragies (compression, pansements, garrot).
- Multiples VVP gros calibre, remplissage, préparation transfusion massive (groupage/RAI, CGR, PFC, plaquettes, produits procoagulants, acide tranexamique). - Participation à l’EFAST et au scanner corps entier avec monitorage et matériel d’urgence."
Surveillances clés,"- TA, FC, FR, SpO₂, T°, EVA, Glasgow, coloration, perfusion périphérique, diurèse si sonde.
- Surveillances toutes les 5–15 min selon gravité, réévaluation après chaque geste.
- Prévention hypothermie, escarres, chutes ; surveillance VVP.","- Glasgow, pupilles, déficit moteur/sensitif, céphalées, vomissements, convulsions, troubles du comportement.
- Signes d’HTIC : baisse GCS, anisocorie, bradycardie + HTA, troubles respi → alerte immédiate.","- FR, SpO₂, tirage, balancement thoraco‑abdominal, asymétrie thoracique, bruits respi, cyanose, emphysème sous‑cutané, douleur thoracique (contusion myocardique). - Drains : oscillation, bullage, débit/aspect, pansement ; signes de pneumo sous tension (détresse respi, hypotension, déviation trachéale) → urgence.
- ECG, troponines si suspicion de contusion myocardique.","- Douleur abdo/pelvienne, défense, contracture, douleur rebond, ballonnement, ecchymoses (flancs, péri‑ombilical), saignements rectaux/génitaux. - Signes d’hémorragie interne / choc : tachycardie, hypotension, marbrures, sueurs, malaise, pâleur, chute Hb, oligurie/anurie, hématurie. - Pendant FAST/scan : monitorage, O₂, perfusions, matériel d’urgence pendant les transports.","- Coloration, chaleur, sensibilité, motricité, pouls périphériques, œdème distal.
- Douleur intense/disproportionnée à l’examen (syndrome des loges) → alerte urgente.
- Plâtre : fissure, humidité, serrage (doigt qui passe), bords irritants, odeur, suintement, signes d’escarre/brûlure.","- Plaies : hémostase, rougeur, chaleur, douleur, œdème, écoulement, fièvre, désunion.
- Brûlures : douleur, % surface (règle des 9 de Wallace, paume ≈ 1%), profondeur, localisation. - Signes voies aériennes : stridor, voix rauque, suie ORL, brûlures visage/cou → intubation à discuter en urgence.
- Surfaces ≥ 10% adulte, localisations à risque, brûlures circulaires, âge extrême, comorbidités, inhalation fumées → avis centre brûlés.","- Neuro : GCS, pupilles, signes d’aggravation.
- Respi : FR, SpO₂, signes de détresse, bruits respi.
- Circulatoire : TA, FC, perfusion périphérique, signes de choc hémorragique, diurèse ; T° centrale pour dépister hypothermie. - Surveillance immobilisations, sites de drainage, douleur, aggravation brutale."
Bilans biologiques,"- NFS-plaquettes, IUC (ionogramme sanguin, urée, créatinine), calcémie ionisée
- Hémostase : TP, TCA, fibrinogène, ± D-dimères selon protocole
- Groupe sanguin x2 + RAI ± hémocue
- gaz du sang + lactates si détresse respiratoire ou état de choc","- Bilan de base + coagulation
- Recherche des ACSOS
- Gaz du sang (surveillance PaO2, PaCO2, équilibre acido‑basique)
- Suivi glycémie et ionogramme (Na, K) pour éviter les déséquilibres aggravant le pronostic neuro","- Bilan de base + coagulation.
- Troponines en cas de suspicion de contusion myocardique ou douleur thoracique atypique.​
- Gaz du sang + lactates en cas de détresse respiratoire ou hémodynamique.","- Bilan de base
- Bilan hépatique : ASAT, ALAT, GGT, PAL si suspicion de lésion hépatique.
- Lipase si suspicion d’atteinte pancréatique.​
- Bandelette urinaire (recherche hématurie) si suspicion de lésion urologique ou rénale.","Pour fracture opérée ou à opérer (ostéosynthèse, enclouage, PTH, etc.) bilan pré-op :
- NFS‑plaquettes, IUC
- Hémostase (TP, TCA, ± fibrinogène).
- Groupe sanguin x2 + RAI

Pour fracture simple, patient stable, traumatisme isolé, traitement orthopédique par plâtre sans chirurgie ni facteur de risque particulier : souvent pas de bilan spécifique, la surveillance est surtout clinique et vasculo‑nerveuse sous plâtre.","- Plaie simple non grave : souvent pas de bilan systématique, sauf terrain particulier (AVK, immunodépression, diabète…).​
- Plaies graves / plaies de membre / amputation : NFS, coagulation, ionogramme, groupage x2 + RAI.​ 
- Brûlure grave : NFS, IUC, bilan d’hémostase, gaz du sang, ± albumine/protéines pour le suivi nutritionnel (en centre spécialisé).","- Bilan de base complet répété + lactates sériés.​
- Bilan d’hémostase complet : TP, TCA, fibrinogène, ± D-dimères, calcium ionisé.​ 
- Bilan pré‑transfusionnel : groupage x2, RAI, suivi des CGR/PFC/plaquettes (pack transfusionnel)."
Gravité / tri / organisation,"- Détresse respi : FR > 30 ou < 10, tirage, balancement, cyanose, SpO₂ < 94%, silence auscultatoire, plaie soufflante.
- Détresse circ. : HTA < 90mmHg, FC > 100–120, marbrures, extrémités froides, oligurie, malaise, sueurs, pâleur.
- Détresse neuro : GCS < 13 ou baisse brutale, convulsions, anisocorie, déficit moteur aigu.
- Orientation : secteur trauma, SAUV, déchoquage, bloc, réa selon gravité, traçabilité systématique, transmissions SBAR.

NB : 
S (Situation) : ce qui se passe maintenant
B (Background) : contexte, antécédents, événement déclencheur
A (Assessment) : ce que montre l’évaluation (constantes, examen)
R (Recommendation) : ce qui est proposé/demandé (avis, examens, traitements)","- Toute baisse de GCS, anisocorie, convulsion ou déficit récent = alerte médicale immédiate et possible passage en déchoquage / imagerie en urgence.","- Plaie soufflante, volet costal, emphysème sous‑cutané, désaturation, douleur thoracique atypique = critères de gravité nécessitant sectorisation trauma / SAUV.","- Signes de choc hémorragique ou suspicion de rupture d’organe plein / bassin instable = prise en charge en déchoquage, chirurgie / embolisation à discuter rapidement.",- Syndrome des loges = urgence chirurgicale ; risques de séquelles neuro‑musculaires si diagnostic tardif.,"- Brûlures graves (surface, localisation, inhalation fumées) → orientation centre des brûlés ; vigilance hypothermie et choc.","- Polytrauma grave : score de gravité, instabilité hémodynamique, lésions multiples → accueil en déchoquage, coordination bloc/imagerie/réa, anticipation matériel (brancard, respirateur, pousse‑seringues, monitoring) et transfusion massive."
